take,pair,boundary,kind,before_end_s,before_start_s,after_end_s,after_start_s,moved_s,ref_end_s,ref_start_s,error_before_s,error_after_s,note
qwen3-tts-1.7b-clone-d2-late-night_take1-seed1,n01+n02,0-1,sentence,8.4,9.14,8.4,9.14,0.0,8.32,9.16,0.05,0.05,
qwen3-tts-1.7b-clone-d2-late-night_take1-seed1,n01+n02,1-2,sentence,10.3,10.88,10.3,10.88,0.0,,10.88,,,
qwen3-tts-1.7b-clone-d2-late-night_take1-seed1,n01+n02,2-3,paragraph,19.72,21.04,19.72,21.04,0.0,19.76,20.66,0.0,0.0,
qwen3-tts-1.7b-clone-d2-late-night_take1-seed1,n01+n02,3-4,sentence,27.24,27.4,27.24,27.4,0.0,,27.46,,,
qwen3-tts-1.7b-clone-d2-late-night_take1-seed1,n01+n02,4-5,sentence,33.74,34.02,33.74,34.02,0.0,33.56,34.02,0.09,0.09,
qwen3-tts-1.7b-clone-d2-late-night_take1-seed1,n03+n04,0-1,sentence,6.02,6.7,6.02,6.7,0.0,,,,,
qwen3-tts-1.7b-clone-d2-late-night_take1-seed1,n03+n04,1-2,paragraph,14.04,15.04,14.04,15.04,0.0,14.08,14.98,0.0,0.0,
qwen3-tts-1.7b-clone-d2-late-night_take1-seed1,n03+n04,2-3,sentence,19.92,20.92,19.92,20.92,0.0,19.86,,,,
qwen3-tts-1.7b-clone-d2-late-night_take1-seed1,n03+n04,3-4,sentence,27.02,27.54,27.02,27.54,0.0,26.94,27.6,0.07,0.07,
qwen3-tts-1.7b-clone-d2-late-night_take1-seed1,n05+n06,0-1,sentence,6.96,7.2,6.96,7.2,0.0,6.88,,,,
qwen3-tts-1.7b-clone-d2-late-night_take1-seed1,n05+n06,1-2,paragraph,10.48,10.52,11.96,13.46,2.94,12.48,13.38,2.86,0.0,
qwen3-tts-1.7b-clone-d2-late-night_take1-seed1,n05+n06,2-3,sentence,17.08,17.46,17.08,17.46,0.0,16.76,,,,
qwen3-tts-1.7b-clone-d2-late-night_take1-seed1,n07+n08,0-1,sentence,4.98,5.52,4.98,5.52,0.0,4.86,5.6,0.1,0.1,
qwen3-tts-1.7b-clone-d2-late-night_take1-seed1,n07+n08,1-2,paragraph,8.36,9.64,8.36,9.64,0.0,8.64,9.54,0.0,0.0,
qwen3-tts-1.7b-clone-d2-late-night_take1-seed1,n07+n08,2-3,sentence,14.34,15.06,14.34,15.06,0.0,14.26,15.06,0.04,0.04,
qwen3-tts-1.7b-clone-d2-late-night_take1-seed2,n01+n02,0-1,sentence,8.5,9.3,8.5,9.3,0.0,8.44,9.32,0.04,0.04,
qwen3-tts-1.7b-clone-d2-late-night_take1-seed2,n01+n02,1-2,sentence,10.62,11.48,10.62,11.48,0.0,,11.54,,,
qwen3-tts-1.7b-clone-d2-late-night_take1-seed2,n01+n02,2-3,paragraph,20.1,21.2,20.1,21.2,0.0,20.16,21.06,0.0,0.0,
qwen3-tts-1.7b-clone-d2-late-night_take1-seed2,n01+n02,3-4,sentence,27.22,27.58,27.22,27.58,0.0,,27.62,,,
qwen3-tts-1.7b-clone-d2-late-night_take1-seed2,n01+n02,4-5,sentence,33.84,34.26,33.84,34.26,0.0,33.78,34.28,0.04,0.04,
qwen3-tts-1.7b-clone-d2-late-night_take1-seed2,n03+n04,0-1,sentence,6.42,7.18,6.42,7.18,0.0,,,,,
qwen3-tts-1.7b-clone-d2-late-night_take1-seed2,n03+n04,1-2,paragraph,14.34,15.38,14.34,15.38,0.0,14.4,15.3,0.0,0.0,
qwen3-tts-1.7b-clone-d2-late-night_take1-seed2,n03+n04,2-3,sentence,20.76,21.56,20.76,21.56,0.0,20.7,21.64,0.07,0.07,
qwen3-tts-1.7b-clone-d2-late-night_take1-seed2,n03+n04,3-4,sentence,27.74,28.32,27.74,28.32,0.0,27.66,28.4,0.08,0.08,
qwen3-tts-1.7b-clone-d2-late-night_take1-seed2,n05+n06,0-1,sentence,7.68,8.26,7.68,8.26,0.0,7.5,,,,
qwen3-tts-1.7b-clone-d2-late-night_take1-seed2,n05+n06,1-2,paragraph,10.34,11.02,13.24,14.28,3.26,13.28,14.18,3.16,0.0,
qwen3-tts-1.7b-clone-d2-late-night_take1-seed2,n05+n06,2-3,sentence,17.46,17.96,17.46,17.96,0.0,17.32,,,,
qwen3-tts-1.7b-clone-d2-late-night_take1-seed2,n07+n08,0-1,sentence,4.72,5.26,4.72,5.26,0.0,4.62,5.36,0.1,0.1,
qwen3-tts-1.7b-clone-d2-late-night_take1-seed2,n07+n08,1-2,paragraph,8.18,9.6,8.18,9.6,0.0,8.32,9.22,0.0,0.0,
qwen3-tts-1.7b-clone-d2-late-night_take1-seed2,n07+n08,2-3,sentence,14.98,15.74,14.98,15.74,0.0,14.88,15.74,0.05,0.05,
qwen3-tts-1.7b-clone-d2-late-night_take1-seed3,n01+n02,0-1,sentence,8.6,9.06,8.6,9.06,0.0,8.42,9.08,0.1,0.1,
qwen3-tts-1.7b-clone-d2-late-night_take1-seed3,n01+n02,1-2,sentence,10.32,10.62,10.32,10.62,0.0,,10.62,,,
qwen3-tts-1.7b-clone-d2-late-night_take1-seed3,n01+n02,2-3,paragraph,19.7,21.4,19.7,21.4,0.0,19.84,20.74,0.0,0.0,
qwen3-tts-1.7b-clone-d2-late-night_take1-seed3,n01+n02,3-4,sentence,27.32,27.62,27.32,27.62,0.0,,27.66,,,
qwen3-tts-1.7b-clone-d2-late-night_take1-seed3,n01+n02,4-5,sentence,34.5,35.34,34.5,35.34,0.0,34.42,35.38,0.06,0.06,
qwen3-tts-1.7b-clone-d2-late-night_take1-seed3,n03+n04,0-1,sentence,5.84,6.62,5.84,6.62,0.0,,,,,
qwen3-tts-1.7b-clone-d2-late-night_take1-seed3,n03+n04,1-2,paragraph,14.6,15.62,14.6,15.62,0.0,14.64,15.54,0.0,0.0,
qwen3-tts-1.7b-clone-d2-late-night_take1-seed3,n03+n04,2-3,sentence,20.68,21.36,20.68,21.36,0.0,20.46,,,,
qwen3-tts-1.7b-clone-d2-late-night_take1-seed3,n03+n04,3-4,sentence,27.38,28.14,27.38,28.14,0.0,27.28,28.18,0.07,0.07,
qwen3-tts-1.7b-clone-d2-late-night_take1-seed3,n05+n06,0-1,sentence,7.02,7.7,7.02,7.7,0.0,6.92,,,,
qwen3-tts-1.7b-clone-d2-late-night_take1-seed3,n05+n06,1-2,paragraph,12.04,12.08,12.46,13.46,1.38,12.48,13.38,1.3,0.0,
qwen3-tts-1.7b-clone-d2-late-night_take1-seed3,n05+n06,2-3,sentence,17.26,17.74,17.26,17.74,0.0,16.84,,,,
qwen3-tts-1.7b-clone-d2-late-night_take1-seed3,n07+n08,0-1,sentence,4.52,4.96,4.52,4.96,0.0,4.4,5.04,0.1,0.1,
qwen3-tts-1.7b-clone-d2-late-night_take1-seed3,n07+n08,1-2,paragraph,7.96,9.04,7.96,9.04,0.0,8.08,8.98,0.0,0.0,
qwen3-tts-1.7b-clone-d2-late-night_take1-seed3,n07+n08,2-3,sentence,14.2,14.86,14.2,14.86,0.0,14.1,14.86,0.05,0.05,
qwen3-tts-1.7b-clone-d4-radio-drama_take2-seed1,n01+n02,0-1,sentence,8.86,9.56,8.86,9.56,0.0,8.8,9.56,0.03,0.03,
qwen3-tts-1.7b-clone-d4-radio-drama_take2-seed1,n01+n02,1-2,sentence,10.68,11.04,10.68,11.04,0.0,,11.04,,,
qwen3-tts-1.7b-clone-d4-radio-drama_take2-seed1,n01+n02,2-3,paragraph,20.44,21.92,20.44,21.92,0.0,20.56,21.46,0.0,0.0,
qwen3-tts-1.7b-clone-d4-radio-drama_take2-seed1,n01+n02,3-4,sentence,27.98,28.62,27.98,28.62,0.0,,28.66,,,
qwen3-tts-1.7b-clone-d4-radio-drama_take2-seed1,n01+n02,4-5,sentence,35.0,35.12,35.0,35.12,0.0,34.8,35.12,0.1,0.1,
qwen3-tts-1.7b-clone-d4-radio-drama_take2-seed1,n03+n04,0-1,sentence,6.5,7.16,6.5,7.16,0.0,,,,,
qwen3-tts-1.7b-clone-d4-radio-drama_take2-seed1,n03+n04,1-2,paragraph,15.22,16.72,15.22,16.72,0.0,15.28,16.18,0.0,0.0,
qwen3-tts-1.7b-clone-d4-radio-drama_take2-seed1,n03+n04,2-3,sentence,21.6,22.46,21.6,22.46,0.0,21.5,,,,
qwen3-tts-1.7b-clone-d4-radio-drama_take2-seed1,n03+n04,3-4,sentence,28.72,29.34,28.72,29.34,0.0,28.6,29.4,0.09,0.09,
qwen3-tts-1.7b-clone-d4-radio-drama_take2-seed1,n05+n06,0-1,sentence,7.66,8.6,7.66,8.6,0.0,7.52,,,,
qwen3-tts-1.7b-clone-d4-radio-drama_take2-seed1,n05+n06,1-2,paragraph,10.7,11.36,13.52,15.04,3.68,13.68,14.58,3.22,0.0,
qwen3-tts-1.7b-clone-d4-radio-drama_take2-seed1,n05+n06,2-3,sentence,18.46,19.3,18.46,19.3,0.0,18.3,,,,
qwen3-tts-1.7b-clone-d4-radio-drama_take2-seed1,n07+n08,0-1,sentence,5.3,5.7,5.3,5.7,0.0,5.18,5.78,0.1,0.1,
qwen3-tts-1.7b-clone-d4-radio-drama_take2-seed1,n07+n08,1-2,paragraph,8.78,10.18,8.78,10.18,0.0,8.8,9.7,0.0,0.0,
qwen3-tts-1.7b-clone-d4-radio-drama_take2-seed1,n07+n08,2-3,sentence,15.2,15.7,15.2,15.7,0.0,15.08,15.7,0.06,0.06,
qwen3-tts-1.7b-clone-d4-radio-drama_take2-seed2,n01+n02,0-1,sentence,9.3,9.96,9.3,9.96,0.0,9.18,9.96,0.06,0.06,
qwen3-tts-1.7b-clone-d4-radio-drama_take2-seed2,n01+n02,1-2,sentence,11.24,11.68,11.24,11.68,0.0,,11.68,,,
qwen3-tts-1.7b-clone-d4-radio-drama_take2-seed2,n01+n02,2-3,paragraph,21.22,22.88,21.22,22.88,0.0,21.36,22.26,0.0,0.0,
qwen3-tts-1.7b-clone-d4-radio-drama_take2-seed2,n01+n02,3-4,sentence,28.78,28.82,28.78,28.82,0.0,,29.16,,,
qwen3-tts-1.7b-clone-d4-radio-drama_take2-seed2,n01+n02,4-5,sentence,34.92,35.4,34.92,35.4,0.0,34.82,35.4,0.05,0.05,
qwen3-tts-1.7b-clone-d4-radio-drama_take2-seed2,n03+n04,0-1,sentence,6.66,7.32,6.66,7.32,0.0,,7.34,,,
qwen3-tts-1.7b-clone-d4-radio-drama_take2-seed2,n03+n04,1-2,paragraph,15.22,17.04,15.22,17.04,0.0,15.52,16.42,0.0,0.0,
qwen3-tts-1.7b-clone-d4-radio-drama_take2-seed2,n03+n04,2-3,sentence,22.56,22.62,22.56,22.62,0.0,22.22,22.7,0.21,0.21,
qwen3-tts-1.7b-clone-d4-radio-drama_take2-seed2,n03+n04,3-4,sentence,29.02,29.52,29.02,29.52,0.0,28.92,29.58,0.08,0.08,
qwen3-tts-1.7b-clone-d4-radio-drama_take2-seed2,n05+n06,0-1,sentence,7.98,8.74,7.98,8.74,0.0,7.88,,,,
qwen3-tts-1.7b-clone-d4-radio-drama_take2-seed2,n05+n06,1-2,paragraph,12.14,12.18,14.12,15.64,3.46,14.16,15.06,2.88,0.0,
qwen3-tts-1.7b-clone-d4-radio-drama_take2-seed2,n05+n06,2-3,sentence,19.28,19.94,19.28,19.94,0.0,19.12,,,,
qwen3-tts-1.7b-clone-d4-radio-drama_take2-seed2,n07+n08,0-1,sentence,5.9,6.38,5.9,6.38,0.0,5.76,6.46,0.11,0.11,
qwen3-tts-1.7b-clone-d4-radio-drama_take2-seed2,n07+n08,1-2,paragraph,9.62,11.3,9.62,11.3,0.0,9.92,10.82,0.0,0.0,
qwen3-tts-1.7b-clone-d4-radio-drama_take2-seed2,n07+n08,2-3,sentence,17.12,17.58,17.12,17.58,0.0,17.0,17.58,0.06,0.06,
qwen3-tts-1.7b-clone-d4-radio-drama_take2-seed3,n01+n02,0-1,sentence,8.64,9.4,8.64,9.4,0.0,8.56,9.4,0.04,0.04,
qwen3-tts-1.7b-clone-d4-radio-drama_take2-seed3,n01+n02,1-2,sentence,10.66,11.3,10.66,11.3,0.0,,11.3,,,
qwen3-tts-1.7b-clone-d4-radio-drama_take2-seed3,n01+n02,2-3,paragraph,19.86,21.74,19.86,21.74,0.0,20.08,20.98,0.0,0.0,
qwen3-tts-1.7b-clone-d4-radio-drama_take2-seed3,n01+n02,3-4,sentence,27.66,27.72,27.66,27.72,0.0,,28.06,,,
qwen3-tts-1.7b-clone-d4-radio-drama_take2-seed3,n01+n02,4-5,sentence,34.16,34.8,34.16,34.8,0.0,34.06,34.96,0.13,0.13,
qwen3-tts-1.7b-clone-d4-radio-drama_take2-seed3,n03+n04,0-1,sentence,7.58,8.42,7.58,8.42,0.0,,8.44,,,
qwen3-tts-1.7b-clone-d4-radio-drama_take2-seed3,n03+n04,1-2,paragraph,16.12,17.56,16.12,17.56,0.0,16.16,17.06,0.0,0.0,
qwen3-tts-1.7b-clone-d4-radio-drama_take2-seed3,n03+n04,2-3,sentence,22.66,23.28,22.66,23.28,0.0,22.58,23.32,0.06,0.06,
qwen3-tts-1.7b-clone-d4-radio-drama_take2-seed3,n03+n04,3-4,sentence,29.46,30.02,29.46,30.02,0.0,29.38,30.06,0.06,0.06,
qwen3-tts-1.7b-clone-d4-radio-drama_take2-seed3,n05+n06,0-1,sentence,7.14,7.94,7.14,7.94,0.0,7.04,,,,
qwen3-tts-1.7b-clone-d4-radio-drama_take2-seed3,n05+n06,1-2,paragraph,9.76,10.42,12.72,14.36,3.94,12.96,13.86,3.44,0.0,
qwen3-tts-1.7b-clone-d4-radio-drama_take2-seed3,n05+n06,2-3,sentence,17.82,18.48,17.82,18.48,0.0,17.64,,,,
qwen3-tts-1.7b-clone-d4-radio-drama_take2-seed3,n07+n08,0-1,sentence,5.24,5.74,5.24,5.74,0.0,5.12,5.8,0.09,0.09,
qwen3-tts-1.7b-clone-d4-radio-drama_take2-seed3,n07+n08,1-2,paragraph,8.62,10.24,8.62,10.24,0.0,8.96,9.86,0.0,0.0,
qwen3-tts-1.7b-clone-d4-radio-drama_take2-seed3,n07+n08,2-3,sentence,15.6,16.02,15.6,16.02,0.0,15.34,16.02,0.13,0.13,
